{
  "@authz_case_1": [
    {
      "suggestion": "authZ authntication failed, pls check with authZ policy",
      "contact_point": "AuthZ:Tommy Star"
    },
    {
      "suggestion": "please ensure iB2B token got valid customer identification, not null",
      "contact_point": "GateWay Policy:Platform Support"
    }
  ],
  "@backend_case_1": [
    {
      "suggestion": "pls check with host,correct target environment",
      "contact_point": "Host:Eric Star"
    },
    {
      "suggestion": "pls check with MQ if pointing to target host",
      "contact_point": "MQ:Percy Luo"
    }
  ]
}